<metadata xml:lang="en"><Esri><CreaDate>20160916</CreaDate><CreaTime>06390300</CreaTime><ArcGISFormat>1.0</ArcGISFormat><ArcGISstyle>North American Profile of ISO19115 2003</ArcGISstyle><SyncOnce>FALSE</SyncOnce><DataProperties><lineage><Process Name="Create Feature Class (2)" ToolSource="c:\program files (x86)\arcgis\desktop10.1\ArcToolbox\Toolboxes\Data Management Tools.tbx\CreateFeatureclass" Date="20150629" Time="141215" export="">CreateFeatureclass \\os.uga.edu\onu-ocha\working\Process_Files\CODServices\CreateTemplateGDB\XXX_AdminBoundaries_working.gdb\Data_Layers Admin1 POLYGON # DISABLED DISABLED # # 0 0 0</Process><Process Name="Add Field (4)" ToolSource="c:\program files (x86)\arcgis\desktop10.1\ArcToolbox\Toolboxes\Data Management Tools.tbx\AddField" Date="20150629" Time="141217" export="">AddField \\os.uga.edu\onu-ocha\working\Process_Files\CODServices\CreateTemplateGDB\XXX_AdminBoundaries_working.gdb\Data_Layers\Admin1 admin1Name_en TEXT # # 50 # NULLABLE NON_REQUIRED #</Process><Process Name="Add Field (4)" ToolSource="c:\program files (x86)\arcgis\desktop10.1\ArcToolbox\Toolboxes\Data Management Tools.tbx\AddField" Date="20150629" Time="141217" export="">AddField \\os.uga.edu\onu-ocha\working\Process_Files\CODServices\CreateTemplateGDB\XXX_AdminBoundaries_working.gdb\Data_Layers\Admin1 admin1Name_fr TEXT # # 50 # NULLABLE NON_REQUIRED #</Process><Process Name="Add Field (4)" ToolSource="c:\program files (x86)\arcgis\desktop10.1\ArcToolbox\Toolboxes\Data Management Tools.tbx\AddField" Date="20150629" Time="141218" export="">AddField \\os.uga.edu\onu-ocha\working\Process_Files\CODServices\CreateTemplateGDB\XXX_AdminBoundaries_working.gdb\Data_Layers\Admin1 admin1Name_ar TEXT # # 50 # NULLABLE NON_REQUIRED #</Process><Process Name="Add Field (4)" ToolSource="c:\program files (x86)\arcgis\desktop10.1\ArcToolbox\Toolboxes\Data Management Tools.tbx\AddField" Date="20150629" Time="141219" export="">AddField \\os.uga.edu\onu-ocha\working\Process_Files\CODServices\CreateTemplateGDB\XXX_AdminBoundaries_working.gdb\Data_Layers\Admin1 admin1Name_es TEXT # # 50 # NULLABLE NON_REQUIRED #</Process><Process Name="Add Field (4)" ToolSource="c:\program files (x86)\arcgis\desktop10.1\ArcToolbox\Toolboxes\Data Management Tools.tbx\AddField" Date="20150629" Time="141220" export="">AddField \\os.uga.edu\onu-ocha\working\Process_Files\CODServices\CreateTemplateGDB\XXX_AdminBoundaries_working.gdb\Data_Layers\Admin1 admin1Pcode TEXT # # 50 # NULLABLE NON_REQUIRED #</Process><Process Name="Add Field (4)" ToolSource="c:\program files (x86)\arcgis\desktop10.1\ArcToolbox\Toolboxes\Data Management Tools.tbx\AddField" Date="20150629" Time="141221" export="">AddField \\os.uga.edu\onu-ocha\working\Process_Files\CODServices\CreateTemplateGDB\XXX_AdminBoundaries_working.gdb\Data_Layers\Admin1 admin1RefName TEXT # # 50 # NULLABLE NON_REQUIRED #</Process><Process Name="Add Field (4)" ToolSource="c:\program files (x86)\arcgis\desktop10.1\ArcToolbox\Toolboxes\Data Management Tools.tbx\AddField" Date="20150629" Time="141221" export="">AddField \\os.uga.edu\onu-ocha\working\Process_Files\CODServices\CreateTemplateGDB\XXX_AdminBoundaries_working.gdb\Data_Layers\Admin1 admin1AltName1_en TEXT # # 50 # NULLABLE NON_REQUIRED #</Process><Process Name="Add Field (4)" ToolSource="c:\program files (x86)\arcgis\desktop10.1\ArcToolbox\Toolboxes\Data Management Tools.tbx\AddField" Date="20150629" Time="141222" export="">AddField \\os.uga.edu\onu-ocha\working\Process_Files\CODServices\CreateTemplateGDB\XXX_AdminBoundaries_working.gdb\Data_Layers\Admin1 admin1AltName2_en TEXT # # 50 # NULLABLE NON_REQUIRED #</Process><Process Name="Add Field (4)" ToolSource="c:\program files (x86)\arcgis\desktop10.1\ArcToolbox\Toolboxes\Data Management Tools.tbx\AddField" Date="20150629" Time="141223" export="">AddField \\os.uga.edu\onu-ocha\working\Process_Files\CODServices\CreateTemplateGDB\XXX_AdminBoundaries_working.gdb\Data_Layers\Admin1 admin1AltName1_fr TEXT # # 50 # NULLABLE NON_REQUIRED #</Process><Process Name="Add Field (4)" ToolSource="c:\program files (x86)\arcgis\desktop10.1\ArcToolbox\Toolboxes\Data Management Tools.tbx\AddField" Date="20150629" Time="141224" export="">AddField \\os.uga.edu\onu-ocha\working\Process_Files\CODServices\CreateTemplateGDB\XXX_AdminBoundaries_working.gdb\Data_Layers\Admin1 admin1AltName2_fr TEXT # # 50 # NULLABLE NON_REQUIRED #</Process><Process Name="Add Field (4)" ToolSource="c:\program files (x86)\arcgis\desktop10.1\ArcToolbox\Toolboxes\Data Management Tools.tbx\AddField" Date="20150629" Time="141225" export="">AddField \\os.uga.edu\onu-ocha\working\Process_Files\CODServices\CreateTemplateGDB\XXX_AdminBoundaries_working.gdb\Data_Layers\Admin1 admin1AltName1_ar TEXT # # 50 # NULLABLE NON_REQUIRED #</Process><Process Name="Add Field (4)" ToolSource="c:\program files (x86)\arcgis\desktop10.1\ArcToolbox\Toolboxes\Data Management Tools.tbx\AddField" Date="20150629" Time="141225" export="">AddField \\os.uga.edu\onu-ocha\working\Process_Files\CODServices\CreateTemplateGDB\XXX_AdminBoundaries_working.gdb\Data_Layers\Admin1 admin1AltName2_ar TEXT # # 50 # NULLABLE NON_REQUIRED #</Process><Process Name="Add Field (4)" ToolSource="c:\program files (x86)\arcgis\desktop10.1\ArcToolbox\Toolboxes\Data Management Tools.tbx\AddField" Date="20150629" Time="141226" export="">AddField \\os.uga.edu\onu-ocha\working\Process_Files\CODServices\CreateTemplateGDB\XXX_AdminBoundaries_working.gdb\Data_Layers\Admin1 admin1AltName1_es TEXT # # 50 # NULLABLE NON_REQUIRED #</Process><Process Name="Add Field (4)" ToolSource="c:\program files (x86)\arcgis\desktop10.1\ArcToolbox\Toolboxes\Data Management Tools.tbx\AddField" Date="20150629" Time="141227" export="">AddField \\os.uga.edu\onu-ocha\working\Process_Files\CODServices\CreateTemplateGDB\XXX_AdminBoundaries_working.gdb\Data_Layers\Admin1 admin1AltName2_es TEXT # # 50 # NULLABLE NON_REQUIRED #</Process><Process Name="Add Field (4)" ToolSource="c:\program files (x86)\arcgis\desktop10.1\ArcToolbox\Toolboxes\Data Management Tools.tbx\AddField" Date="20150629" Time="141228" export="">AddField \\os.uga.edu\onu-ocha\working\Process_Files\CODServices\CreateTemplateGDB\XXX_AdminBoundaries_working.gdb\Data_Layers\Admin1 admin0Name_en TEXT # # 50 # NULLABLE NON_REQUIRED #</Process><Process Name="Add Field (4)" ToolSource="c:\program files (x86)\arcgis\desktop10.1\ArcToolbox\Toolboxes\Data Management Tools.tbx\AddField" Date="20150629" Time="141229" export="">AddField \\os.uga.edu\onu-ocha\working\Process_Files\CODServices\CreateTemplateGDB\XXX_AdminBoundaries_working.gdb\Data_Layers\Admin1 admin0Name_fr TEXT # # 50 # NULLABLE NON_REQUIRED #</Process><Process Name="Add Field (4)" ToolSource="c:\program files (x86)\arcgis\desktop10.1\ArcToolbox\Toolboxes\Data Management Tools.tbx\AddField" Date="20150629" Time="141230" export="">AddField \\os.uga.edu\onu-ocha\working\Process_Files\CODServices\CreateTemplateGDB\XXX_AdminBoundaries_working.gdb\Data_Layers\Admin1 admin0Name_ar TEXT # # 50 # NULLABLE NON_REQUIRED #</Process><Process Name="Add Field (4)" ToolSource="c:\program files (x86)\arcgis\desktop10.1\ArcToolbox\Toolboxes\Data Management Tools.tbx\AddField" Date="20150629" Time="141230" export="">AddField \\os.uga.edu\onu-ocha\working\Process_Files\CODServices\CreateTemplateGDB\XXX_AdminBoundaries_working.gdb\Data_Layers\Admin1 admin0Name_es TEXT # # 50 # NULLABLE NON_REQUIRED #</Process><Process Name="Add Field (4)" ToolSource="c:\program files (x86)\arcgis\desktop10.1\ArcToolbox\Toolboxes\Data Management Tools.tbx\AddField" Date="20150629" Time="141231" export="">AddField \\os.uga.edu\onu-ocha\working\Process_Files\CODServices\CreateTemplateGDB\XXX_AdminBoundaries_working.gdb\Data_Layers\Admin1 admin0Pcode TEXT # # 50 # NULLABLE NON_REQUIRED #</Process><Process Name="Add Field (6)" ToolSource="c:\program files (x86)\arcgis\desktop10.1\ArcToolbox\Toolboxes\Data Management Tools.tbx\AddField" Date="20150629" Time="141232" export="">AddField \\os.uga.edu\onu-ocha\working\Process_Files\CODServices\CreateTemplateGDB\XXX_AdminBoundaries_working.gdb\Data_Layers\Admin1 date DATE # # # # NULLABLE NON_REQUIRED #</Process><Process Name="Add Field (6)" ToolSource="c:\program files (x86)\arcgis\desktop10.1\ArcToolbox\Toolboxes\Data Management Tools.tbx\AddField" Date="20150629" Time="141233" export="">AddField \\os.uga.edu\onu-ocha\working\Process_Files\CODServices\CreateTemplateGDB\XXX_AdminBoundaries_working.gdb\Data_Layers\Admin1 validOn DATE # # # # NULLABLE NON_REQUIRED #</Process><Process Name="Add Field (6)" ToolSource="c:\program files (x86)\arcgis\desktop10.1\ArcToolbox\Toolboxes\Data Management Tools.tbx\AddField" Date="20150629" Time="141234" export="">AddField \\os.uga.edu\onu-ocha\working\Process_Files\CODServices\CreateTemplateGDB\XXX_AdminBoundaries_working.gdb\Data_Layers\Admin1 validTo DATE # # # # NULLABLE NON_REQUIRED #</Process><Process ToolSource="c:\program files (x86)\arcgis\desktop10.1\ArcToolbox\Toolboxes\Data Management Tools.tbx\Merge" Date="20160126" Time="102228" Name="" export="">Merge K:\working\Process_Files\CODServices\COD_BDI\Data_Cleanup\BDI_AdminBoundaries_working_1.gdb\Data_Layers\Admin1;K:\working\Process_Files\CODServices\COD_BDI\Data_Cleanup\BDI_AdminBoundaries_working_1.gdb\Data_Layers\Admin1_1 K:\working\Process_Files\CODServices\COD_BDI\Data_Cleanup\BDI_AdminBoundaries_working_1.gdb\Data_Layers\Admin1_Merge "admin1Name_en "admin1Name_en" true true false 50 Text 0 0 ,First,#,K:\working\Process_Files\CODServices\COD_BDI\Data_Cleanup\BDI_AdminBoundaries_working_1.gdb\Data_Layers\Admin1,admin1Name_en,-1,-1;admin1Name_fr "admin1Name_fr" true true false 50 Text 0 0 ,First,#,K:\working\Process_Files\CODServices\COD_BDI\Data_Cleanup\BDI_AdminBoundaries_working_1.gdb\Data_Layers\Admin1,admin1Name_fr,-1,-1;admin1Name_ar "admin1Name_ar" true true false 50 Text 0 0 ,First,#,K:\working\Process_Files\CODServices\COD_BDI\Data_Cleanup\BDI_AdminBoundaries_working_1.gdb\Data_Layers\Admin1,admin1Name_ar,-1,-1;admin1Name_es "admin1Name_es" true true false 50 Text 0 0 ,First,#,K:\working\Process_Files\CODServices\COD_BDI\Data_Cleanup\BDI_AdminBoundaries_working_1.gdb\Data_Layers\Admin1,admin1Name_es,-1,-1;admin1Pcode "admin1Pcode" true true false 50 Text 0 0 ,First,#,K:\working\Process_Files\CODServices\COD_BDI\Data_Cleanup\BDI_AdminBoundaries_working_1.gdb\Data_Layers\Admin1,admin1Pcode,-1,-1;admin1RefName "admin1RefName" true true false 50 Text 0 0 ,First,#,K:\working\Process_Files\CODServices\COD_BDI\Data_Cleanup\BDI_AdminBoundaries_working_1.gdb\Data_Layers\Admin1,admin1RefName,-1,-1;admin1AltName1_en "admin1AltName1_en" true true false 50 Text 0 0 ,First,#,K:\working\Process_Files\CODServices\COD_BDI\Data_Cleanup\BDI_AdminBoundaries_working_1.gdb\Data_Layers\Admin1,admin1AltName1_en,-1,-1;admin1AltName2_en "admin1AltName2_en" true true false 50 Text 0 0 ,First,#,K:\working\Process_Files\CODServices\COD_BDI\Data_Cleanup\BDI_AdminBoundaries_working_1.gdb\Data_Layers\Admin1,admin1AltName2_en,-1,-1;admin1AltName1_fr "admin1AltName1_fr" true true false 50 Text 0 0 ,First,#,K:\working\Process_Files\CODServices\COD_BDI\Data_Cleanup\BDI_AdminBoundaries_working_1.gdb\Data_Layers\Admin1,admin1AltName1_fr,-1,-1;admin1AltName2_fr "admin1AltName2_fr" true true false 50 Text 0 0 ,First,#,K:\working\Process_Files\CODServices\COD_BDI\Data_Cleanup\BDI_AdminBoundaries_working_1.gdb\Data_Layers\Admin1,admin1AltName2_fr,-1,-1;admin1AltName1_ar "admin1AltName1_ar" true true false 50 Text 0 0 ,First,#,K:\working\Process_Files\CODServices\COD_BDI\Data_Cleanup\BDI_AdminBoundaries_working_1.gdb\Data_Layers\Admin1,admin1AltName1_ar,-1,-1;admin1AltName2_ar "admin1AltName2_ar" true true false 50 Text 0 0 ,First,#,K:\working\Process_Files\CODServices\COD_BDI\Data_Cleanup\BDI_AdminBoundaries_working_1.gdb\Data_Layers\Admin1,admin1AltName2_ar,-1,-1;admin1AltName1_es "admin1AltName1_es" true true false 50 Text 0 0 ,First,#,K:\working\Process_Files\CODServices\COD_BDI\Data_Cleanup\BDI_AdminBoundaries_working_1.gdb\Data_Layers\Admin1,admin1AltName1_es,-1,-1;admin1AltName2_es "admin1AltName2_es" true true false 50 Text 0 0 ,First,#,K:\working\Process_Files\CODServices\COD_BDI\Data_Cleanup\BDI_AdminBoundaries_working_1.gdb\Data_Layers\Admin1,admin1AltName2_es,-1,-1;admin0Name_en "admin0Name_en" true true false 50 Text 0 0 ,First,#,K:\working\Process_Files\CODServices\COD_BDI\Data_Cleanup\BDI_AdminBoundaries_working_1.gdb\Data_Layers\Admin1,admin0Name_en,-1,-1;admin0Name_fr "admin0Name_fr" true true false 50 Text 0 0 ,First,#,K:\working\Process_Files\CODServices\COD_BDI\Data_Cleanup\BDI_AdminBoundaries_working_1.gdb\Data_Layers\Admin1,admin0Name_fr,-1,-1;admin0Name_ar "admin0Name_ar" true true false 50 Text 0 0 ,First,#,K:\working\Process_Files\CODServices\COD_BDI\Data_Cleanup\BDI_AdminBoundaries_working_1.gdb\Data_Layers\Admin1,admin0Name_ar,-1,-1;admin0Name_es "admin0Name_es" true true false 50 Text 0 0 ,First,#,K:\working\Process_Files\CODServices\COD_BDI\Data_Cleanup\BDI_AdminBoundaries_working_1.gdb\Data_Layers\Admin1,admin0Name_es,-1,-1;admin0Pcode "admin0Pcode" true true false 50 Text 0 0 ,First,#,K:\working\Process_Files\CODServices\COD_BDI\Data_Cleanup\BDI_AdminBoundaries_working_1.gdb\Data_Layers\Admin1,admin0Pcode,-1,-1;date "date" true true false 8 Date 0 0 ,First,#,K:\working\Process_Files\CODServices\COD_BDI\Data_Cleanup\BDI_AdminBoundaries_working_1.gdb\Data_Layers\Admin1,date,-1,-1;validOn "validOn" true true false 8 Date 0 0 ,First,#,K:\working\Process_Files\CODServices\COD_BDI\Data_Cleanup\BDI_AdminBoundaries_working_1.gdb\Data_Layers\Admin1,validOn,-1,-1;validTo "validTo" true true false 8 Date 0 0 ,First,#,K:\working\Process_Files\CODServices\COD_BDI\Data_Cleanup\BDI_AdminBoundaries_working_1.gdb\Data_Layers\Admin1,validTo,-1,-1;Shape_Length "Shape_Length" false true true 8 Double 0 0 ,First,#,K:\working\Process_Files\CODServices\COD_BDI\Data_Cleanup\BDI_AdminBoundaries_working_1.gdb\Data_Layers\Admin1,Shape_Length,-1,-1,K:\working\Process_Files\CODServices\COD_BDI\Data_Cleanup\BDI_AdminBoundaries_working_1.gdb\Data_Layers\Admin1_1,Shape_Length,-1,-1;Shape_Area "Shape_Area" false true true 8 Double 0 0 ,First,#,K:\working\Process_Files\CODServices\COD_BDI\Data_Cleanup\BDI_AdminBoundaries_working_1.gdb\Data_Layers\Admin1,Shape_Area,-1,-1,K:\working\Process_Files\CODServices\COD_BDI\Data_Cleanup\BDI_AdminBoundaries_working_1.gdb\Data_Layers\Admin1_1,Shape_Area,-1,-1"</Process><Process ToolSource="c:\program files (x86)\arcgis\desktop10.1\ArcToolbox\Toolboxes\Data Management Tools.tbx\CalculateField" Date="20160126" Time="111849" Name="" export="">CalculateField Admin1_Merge admin1RefName [admin1Name_fr] VB #</Process><Process ToolSource="c:\program files (x86)\arcgis\desktop10.1\ArcToolbox\Toolboxes\Data Management Tools.tbx\CalculateField" Date="20160126" Time="111922" Name="" export="">CalculateField Admin1_Merge admin0Name_fr "Burundi" VB #</Process><Process ToolSource="c:\program files (x86)\arcgis\desktop10.1\ArcToolbox\Toolboxes\Data Management Tools.tbx\CalculateField" Date="20160126" Time="111940" Name="" export="">CalculateField Admin1_Merge admin0Pcode "BI" VB #</Process><Process ToolSource="c:\program files (x86)\arcgis\desktop10.1\ArcToolbox\Toolboxes\Data Management Tools.tbx\CalculateField" Date="20160126" Time="112301" Name="" export="">CalculateField Admin1_Merge admin0Pcode "003BDI" VB #</Process></lineage><itemProps><itemLocation><linkage Sync="TRUE">file://\\KONATE\C$\Egnyte\Shared\01 Burundi\10_IM\01_GIS DATA\SHP\COD-FOD\01_Limites administratives\shp nouveaux PCODs\SHP Admin1 Provinces\Burundi_Admin_1_Provinces.shp</linkage><protocol Sync="TRUE">Local Area Network</protocol></itemLocation><itemName Sync="TRUE">Burundi_Admin_1_Provinces</itemName><imsContentType Sync="TRUE">002</imsContentType><nativeExtBox><westBL Sync="TRUE">29.000345</westBL><eastBL Sync="TRUE">30.850906</eastBL><southBL Sync="TRUE">-4.470001</southBL><northBL Sync="TRUE">-2.309070</northBL><exTypeCode Sync="TRUE">1</exTypeCode></nativeExtBox><itemSize Sync="TRUE">0.363</itemSize></itemProps><coordRef><type Sync="TRUE">Geographic</type><geogcsn Sync="TRUE">GCS_WGS_1984</geogcsn><csUnits Sync="TRUE">Angular Unit: Degree (0.017453)</csUnits><peXml Sync="TRUE">&lt;GeographicCoordinateSystem xsi:type='typens:GeographicCoordinateSystem' xmlns:xsi='http://www.w3.org/2001/XMLSchema-instance' xmlns:xs='http://www.w3.org/2001/XMLSchema' xmlns:typens='http://www.esri.com/schemas/ArcGIS/10.4'&gt;&lt;WKT&gt;GEOGCS[&amp;quot;GCS_WGS_1984&amp;quot;,DATUM[&amp;quot;D_WGS_1984&amp;quot;,SPHEROID[&amp;quot;WGS_1984&amp;quot;,6378137.0,298.257223563]],PRIMEM[&amp;quot;Greenwich&amp;quot;,0.0],UNIT[&amp;quot;Degree&amp;quot;,0.0174532925199433],AUTHORITY[&amp;quot;EPSG&amp;quot;,4326]]&lt;/WKT&gt;&lt;XOrigin&gt;-400&lt;/XOrigin&gt;&lt;YOrigin&gt;-400&lt;/YOrigin&gt;&lt;XYScale&gt;11258999068426.238&lt;/XYScale&gt;&lt;ZOrigin&gt;-100000&lt;/ZOrigin&gt;&lt;ZScale&gt;10000&lt;/ZScale&gt;&lt;MOrigin&gt;-100000&lt;/MOrigin&gt;&lt;MScale&gt;10000&lt;/MScale&gt;&lt;XYTolerance&gt;8.983152841195215e-009&lt;/XYTolerance&gt;&lt;ZTolerance&gt;0.001&lt;/ZTolerance&gt;&lt;MTolerance&gt;0.001&lt;/MTolerance&gt;&lt;HighPrecision&gt;true&lt;/HighPrecision&gt;&lt;LeftLongitude&gt;-180&lt;/LeftLongitude&gt;&lt;WKID&gt;4326&lt;/WKID&gt;&lt;LatestWKID&gt;4326&lt;/LatestWKID&gt;&lt;/GeographicCoordinateSystem&gt;</peXml></coordRef></DataProperties><SyncDate>20160916</SyncDate><SyncTime>06435400</SyncTime><ModDate>20160916</ModDate><ModTime>6444500</ModTime><scaleRange><minScale>150000000</minScale><maxScale>5000</maxScale></scaleRange><ArcGISProfile>ItemDescription</ArcGISProfile></Esri><dataIdInfo><envirDesc Sync="TRUE"> Version 6.2 (Build 9200) ; Esri ArcGIS 10.4.1.5686</envirDesc><dataLang><languageCode value="fra" Sync="TRUE"/><countryCode value="CAN" Sync="TRUE"/></dataLang><idCitation><resTitle Sync="TRUE">Burundi_Admin_1_Provinces</resTitle><presForm><PresFormCd value="005" Sync="TRUE"/></presForm></idCitation><spatRpType><SpatRepTypCd value="001" Sync="TRUE"/></spatRpType><dataExt><geoEle xmlns=""><GeoBndBox esriExtentType="search"><exTypeCode Sync="TRUE">1</exTypeCode><westBL Sync="TRUE">29.000345</westBL><eastBL Sync="TRUE">30.850906</eastBL><northBL Sync="TRUE">-2.309070</northBL><southBL Sync="TRUE">-4.470001</southBL></GeoBndBox></geoEle></dataExt><idPurp>BDI Burundi Admin1 Provinces</idPurp><idAbs>&lt;DIV STYLE="text-align:Left;"&gt;&lt;P&gt;&lt;SPAN&gt;BDI Burundi Admin1 Provinces&lt;/SPAN&gt;&lt;/P&gt;&lt;/DIV&gt;</idAbs><idCredit> IGEBU, OCHA Burundi</idCredit><searchKeys><keyword>BDI Burundi Admin1 Provinces</keyword></searchKeys></dataIdInfo><mdLang><languageCode value="fra" Sync="TRUE"/><countryCode value="CAN" Sync="TRUE"/></mdLang><distInfo><distFormat><formatName Sync="TRUE">Shapefile</formatName></distFormat><distTranOps><transSize Sync="TRUE">0.363</transSize></distTranOps></distInfo><mdHrLv><ScopeCd value="005" Sync="TRUE"/></mdHrLv><mdHrLvName Sync="TRUE">dataset</mdHrLvName><refSysInfo><RefSystem><refSysID><identCode code="4326" Sync="TRUE"/><idCodeSpace Sync="TRUE">EPSG</idCodeSpace><idVersion Sync="TRUE">6.14(3.0.1)</idVersion></refSysID></RefSystem></refSysInfo><spatRepInfo><VectSpatRep><geometObjs Name="Burundi_Admin_1_Provinces"><geoObjTyp><GeoObjTypCd value="002" Sync="TRUE"/></geoObjTyp><geoObjCnt Sync="TRUE">18</geoObjCnt></geometObjs><topLvl><TopoLevCd value="001" Sync="TRUE"/></topLvl></VectSpatRep></spatRepInfo><spdoinfo><ptvctinf><esriterm Name="Burundi_Admin_1_Provinces"><efeatyp Sync="TRUE">Simple</efeatyp><efeageom code="4" Sync="TRUE"/><esritopo Sync="TRUE">FALSE</esritopo><efeacnt Sync="TRUE">18</efeacnt><spindex Sync="TRUE">TRUE</spindex><linrefer Sync="TRUE">FALSE</linrefer></esriterm></ptvctinf></spdoinfo><eainfo><detailed Name="Burundi_Admin_1_Provinces"><enttyp><enttypl Sync="TRUE">Burundi_Admin_1_Provinces</enttypl><enttypt Sync="TRUE">Feature Class</enttypt><enttypc Sync="TRUE">18</enttypc></enttyp><attr><attrlabl Sync="TRUE">FID</attrlabl><attalias Sync="TRUE">FID</attalias><attrtype Sync="TRUE">OID</attrtype><attwidth Sync="TRUE">4</attwidth><atprecis Sync="TRUE">0</atprecis><attscale Sync="TRUE">0</attscale><attrdef Sync="TRUE">Internal feature number.</attrdef><attrdefs Sync="TRUE">Esri</attrdefs><attrdomv><udom Sync="TRUE">Sequential unique whole numbers that are automatically generated.</udom></attrdomv></attr><attr><attrlabl Sync="TRUE">OBJECTID</attrlabl><attalias Sync="TRUE">OBJECTID</attalias><attrtype Sync="TRUE">Integer</attrtype><attwidth Sync="TRUE">10</attwidth><atprecis Sync="TRUE">10</atprecis><attscale Sync="TRUE">0</attscale><attrdef Sync="TRUE">Internal feature number.</attrdef><attrdefs Sync="TRUE">Esri</attrdefs><attrdomv><udom Sync="TRUE">Sequential unique whole numbers that are automatically generated.</udom></attrdomv></attr><attr><attrlabl Sync="TRUE">Shape</attrlabl><attalias Sync="TRUE">Shape</attalias><attrtype Sync="TRUE">Geometry</attrtype><attwidth Sync="TRUE">0</attwidth><atprecis Sync="TRUE">0</atprecis><attscale Sync="TRUE">0</attscale><attrdef Sync="TRUE">Feature geometry.</attrdef><attrdefs Sync="TRUE">Esri</attrdefs><attrdomv><udom Sync="TRUE">Coordinates defining the features.</udom></attrdomv></attr><attr><attrlabl Sync="TRUE">admin1Name</attrlabl><attalias Sync="TRUE">admin1Name</attalias><attrtype Sync="TRUE">String</attrtype><attwidth Sync="TRUE">50</attwidth><atprecis Sync="TRUE">0</atprecis><attscale Sync="TRUE">0</attscale></attr><attr><attrlabl Sync="TRUE">admin1Pcod</attrlabl><attalias Sync="TRUE">admin1Pcod</attalias><attrtype Sync="TRUE">String</attrtype><attwidth Sync="TRUE">50</attwidth><atprecis Sync="TRUE">0</atprecis><attscale Sync="TRUE">0</attscale></attr><attr><attrlabl Sync="TRUE">admin1RefN</attrlabl><attalias Sync="TRUE">admin1RefN</attalias><attrtype Sync="TRUE">String</attrtype><attwidth Sync="TRUE">50</attwidth><atprecis Sync="TRUE">0</atprecis><attscale Sync="TRUE">0</attscale></attr><attr><attrlabl Sync="TRUE">admin1AltN</attrlabl><attalias Sync="TRUE">admin1AltN</attalias><attrtype Sync="TRUE">String</attrtype><attwidth Sync="TRUE">50</attwidth><atprecis Sync="TRUE">0</atprecis><attscale Sync="TRUE">0</attscale></attr><attr><attrlabl Sync="TRUE">admin1Al_1</attrlabl><attalias Sync="TRUE">admin1Al_1</attalias><attrtype Sync="TRUE">String</attrtype><attwidth Sync="TRUE">50</attwidth><atprecis Sync="TRUE">0</atprecis><attscale Sync="TRUE">0</attscale></attr><attr><attrlabl Sync="TRUE">admin0Name</attrlabl><attalias Sync="TRUE">admin0Name</attalias><attrtype Sync="TRUE">String</attrtype><attwidth Sync="TRUE">50</attwidth><atprecis Sync="TRUE">0</atprecis><attscale Sync="TRUE">0</attscale></attr><attr><attrlabl Sync="TRUE">admin0Pcod</attrlabl><attalias Sync="TRUE">admin0Pcod</attalias><attrtype Sync="TRUE">String</attrtype><attwidth Sync="TRUE">50</attwidth><atprecis Sync="TRUE">0</atprecis><attscale Sync="TRUE">0</attscale></attr><attr><attrlabl Sync="TRUE">date</attrlabl><attalias Sync="TRUE">date</attalias><attrtype Sync="TRUE">Date</attrtype><attwidth Sync="TRUE">8</attwidth><atprecis Sync="TRUE">0</atprecis><attscale Sync="TRUE">0</attscale></attr><attr><attrlabl Sync="TRUE">validOn</attrlabl><attalias Sync="TRUE">validOn</attalias><attrtype Sync="TRUE">Date</attrtype><attwidth Sync="TRUE">8</attwidth><atprecis Sync="TRUE">0</atprecis><attscale Sync="TRUE">0</attscale></attr><attr><attrlabl Sync="TRUE">validTo</attrlabl><attalias Sync="TRUE">validTo</attalias><attrtype Sync="TRUE">Date</attrtype><attwidth Sync="TRUE">8</attwidth><atprecis Sync="TRUE">0</atprecis><attscale Sync="TRUE">0</attscale></attr><attr><attrlabl Sync="TRUE">Shape_Leng</attrlabl><attalias Sync="TRUE">Shape_Leng</attalias><attrtype Sync="TRUE">Double</attrtype><attwidth Sync="TRUE">19</attwidth><atprecis Sync="TRUE">0</atprecis><attscale Sync="TRUE">0</attscale></attr><attr><attrlabl Sync="TRUE">Shape_Area</attrlabl><attalias Sync="TRUE">Shape_Area</attalias><attrtype Sync="TRUE">Double</attrtype><attwidth Sync="TRUE">19</attwidth><atprecis Sync="TRUE">0</atprecis><attscale Sync="TRUE">0</attscale><attrdef Sync="TRUE">Area of feature in internal units squared.</attrdef><attrdefs Sync="TRUE">Esri</attrdefs><attrdomv><udom Sync="TRUE">Positive real numbers that are automatically generated.</udom></attrdomv></attr></detailed></eainfo><mdDateSt Sync="TRUE">20160916</mdDateSt><mdChar><CharSetCd value="004" Sync="TRUE"/></mdChar></metadata>
